,City,Approx. Latitude,Approx. Longitude
0,sitka,53.14467803945209,-138.06442450364176
1,barentsburg,77.9978040226367,4.706744321172522
2,bredasdorp,-46.288348322974066,19.660027923956875
3,tuktoyaktuk,73.65866906853165,-133.084090504952
4,bakchar,57.18624613740084,81.92536074617158
5,guerrero negro,25.204601946832383,-116.53237643422747
6,atuona,-7.4311866482199775,-140.55788517450367
7,port alfred,-77.73464513992644,46.67100052534653
8,yellowknife,86.70242917621636,-113.60656090563307
9,naze,21.54896142245221,137.9853361892562
10,mataura,-66.13608405132766,-147.75822021641542
11,ushuaia,-76.92045151330915,-77.83953593012686
12,jamestown,-11.906374422256022,-9.105488013154911
13,busselton,-51.82300983625786,95.14592633261384
14,cabo san lucas,15.098556730081171,-117.67153652793131
15,hobart,-81.33197262987848,138.58253404767305
16,umzimvubu,-49.44224546956528,43.55292905469156
17,hearst,49.13082935651465,-83.61801996957543
18,makat,48.72871394994104,54.19099751627678
19,nemuro,38.66287705227157,149.19120162090866
20,longyearbyen,74.59321495496948,16.80189266771933
21,nantucket,37.369243129523326,-68.06991452586628
22,nikolskoye,50.339898327846726,167.28791724236407
23,aklavik,69.92112402270715,-139.93750820322447
24,hay river,61.803746862532336,-117.64182422637266
25,bambous virieux,-37.98344047519018,83.54372864221045
26,kalmunai,6.292240274170098,84.70101647602797
27,henties bay,-21.361016090917587,14.467479012881824
28,yerbogachen,64.41647292922661,107.47935481937458
29,mar del plata,-52.0095663035382,-38.78646423549759
30,clyde river,70.16850517270603,-78.29435637305967
31,srednekolymsk,66.93401156168684,153.0203128530227
32,lompoc,24.751089126546958,-130.72017504481323
33,bedesa,8.441622219960422,41.25381722566101
34,vao,-24.352079955026397,172.12575950965476
35,sioux lookout,54.99936687629739,-90.36946332132445
36,marsh harbour,28.32098004238317,-76.89289688962674
37,hilo,11.288061760025585,-151.68967059761454
38,parakan,-6.752319220673428,110.06142289294598
39,bluff,-84.77954245820003,159.67906034518887
40,rikitea,-16.882074278377033,-120.93925537242501
41,fairbanks,63.38828320915508,-144.37559327757305
42,san felipe,10.911092099933299,-68.87650968156585
43,lalomanu,-16.235048935328592,-171.11453079455396
44,cape town,-81.7149320569767,-11.359575572058759
45,shimoda,33.38106063978057,139.56278799758468
46,mys shmidta,68.33301939285857,-177.46870743724594
47,illoqqortoormiut,82.23616242223926,-31.56905364452865
48,lahaina,18.73451954661212,-157.6483841764407
49,lukang,24.494922279951325,119.64960445824937
50,mahebourg,-46.54406486532014,75.88717655628847
51,warmbad,-28.514112917119427,18.74101638463165
52,kulhudhuffushi,6.442575981256411,68.21743044046849
53,laguna,-42.44692805045682,-31.897570646105947
54,juneau,60.45231176165723,-130.33813114208826
55,kodiak,57.33524352136442,-156.41706269894235
56,ancud,-42.082317054718345,-90.09588082428286
57,hami,40.06645423765667,90.33921100581841
58,necochea,-43.69711155883421,-57.40272709691719
59,palora,-1.7807039214696658,-77.14592825446245
60,bengkulu,-13.704543460119936,90.96223378041651
61,wagar,16.02983978718312,36.249300681272615
62,grand river south east,-23.390084079087814,75.35362796391661
63,qaanaaq,78.47787085097829,-79.27356007146787
64,arraial do cabo,-35.492734652772356,-27.337865744264946
65,faya,20.250904556547596,18.401578106996595
66,touros,-0.7341757796767325,-24.834203377988842
67,amderma,72.03555991903673,62.22204129792425
68,yumen,41.57344786560981,95.9034757295318
69,saleaula,1.2705495669223126,-170.1078578492053
70,punta arenas,-51.523677123140104,-71.38959338774544
71,ilulissat,68.53199993683688,-46.30512632590441
72,east london,-88.89813167714289,60.581797407626084
73,pasighat,33.41321590321573,96.32894407609291
74,christchurch,-44.84932911459307,175.27997036968895
75,brae,68.86201404119532,-0.052289262661361136
76,vardo,80.61137628369252,33.02151240269035
77,saskylakh,85.94838571841993,120.2115820389327
78,hermanus,-72.65455651902022,2.2923847305882816
79,barrow,81.94510622949346,-167.48965397017406
80,shalyhyne,51.444175451509636,34.31358187436831
81,minna,10.036220453777247,6.502815268514723
82,port elizabeth,-79.28422902871068,36.6259271951659
83,omsukchan,65.24914559218149,157.9427007346535
84,mackay,-17.932659716096367,153.6339947035848
85,new norfolk,-87.65328225813484,124.55188351854468
86,sao filipe,12.137579006653297,-27.87494122658913
87,tessalit,21.478353891202403,3.830121941680943
88,kota kinabalu,6.665261967041218,115.20520498867137
89,venancio aires,-29.55882498765932,-52.21098907672511
90,domna,51.83311284873204,113.24445652263023
91,nouadhibou,19.713113001601798,-19.21424255287215
92,peniche,39.24697218225725,-9.684334529709304
93,taolanaro,-76.01745122897304,65.38705904014839
94,tilichiki,58.27967612355175,172.37239408491558
95,coihaique,-50.28721931749933,-83.65493762979033
96,newport,43.483497980536725,-72.1825746275994
97,reitoca,13.892351951884365,-87.52611564405555
98,haines junction,56.54376430415428,-141.98061839211897
99,saint-augustin,54.974265095684785,-60.452471528189804
100,bikaner,28.06956544733694,72.97435977750044
101,villiers,-27.017862465171277,28.665482077914618
102,sosnogorsk,63.099658598664206,54.021939312944255
103,fernie,49.48826047764064,-114.89421239891503
104,gizo,-13.346221573240783,155.8752828385259
105,tres arroyos,-39.58724248213434,-60.02950334486536
106,maralal,1.08745416039946,37.07602631351497
107,khatanga,69.73488042432595,98.87156531041109
108,batagay-alyta,68.47556357505601,127.40359760798071
109,saryg-sep,51.785415233127196,95.97092540548488
110,yamada,39.35897780756025,145.27087998630782
111,phan rang,9.796657702775562,110.81098066890496
112,tomatlan,19.729893227174344,-107.68212826297021
113,aberystwyth,52.363294940334384,-4.1501211618409
114,toliary,-22.10897244031503,40.384997462251334
115,punta alta,-39.98573693703873,-61.694967001010795
116,paita,-7.119658566762396,-84.35426739147826
117,alta floresta,-8.72728341425028,-57.51541337916291
118,esperance,-43.49406241273117,124.98684206078161
119,igurubi,-3.971509503035918,33.71352181599278
120,thompson,69.99965582113927,-92.91380529986394
121,fare,-15.950215266488655,-151.1172314976332
122,bethel,45.919709489150165,-166.22500115689985
123,banjar,-10.579185953934996,106.48360376947363
124,iqaluit,57.72614344824379,-72.03798226789561
125,cervo,44.80416641043638,-6.907357963751082
126,envira,-7.318033463805861,-69.96565273195033
127,sistranda,67.34583460715444,6.356879909855138
128,omboue,-2.9918141916789835,7.179647529180897
129,hithadhoo,-3.9617813176844976,67.1389811746401
130,oksfjord,69.86927551120911,22.11192166416248
131,luchegorsk,46.24228478975357,134.2023121398322
132,flinders,-31.42580294094821,128.03625755131333
133,kapaa,21.199181016148117,-172.38412204587578
134,saint-philippe,-25.566226053274804,56.19864388291617
135,souillac,-43.24902781750288,68.5803768867693
136,los andes,1.5569959889454452,-77.44322681427391
137,yulara,-24.78046895273239,130.92551011593423
138,piacabucu,-16.62103425902403,-29.687398042326976
139,provideniya,44.128736962014415,-175.76297276912715
140,fortuna,36.075904882431004,-135.19253237751477
141,torbay,39.891362065992325,-50.593060779544345
142,general teran,25.45861177496863,-99.56787488579062
143,waw,6.744484826905335,27.482266591048898
144,carnarvon,-21.650293012924053,97.38848490712576
145,chuy,-50.44091039178842,-32.75305977227069
146,takoradi,-3.5933426053097435,-0.036442961997863677
147,cap malheureux,-13.745899890964466,57.450792257880295
148,axim,-5.341381769013154,-2.659385131841219
149,kontagora,11.410638899718933,5.421996873447682
150,nelson bay,-35.71651290758317,158.33430810367526
151,yirol,5.755636707482054,30.519118991890764
152,groa,62.9074389446574,8.83294169333277
153,alice springs,-26.97799875781792,137.0112635600875
154,kidal,19.718041392984162,2.972734304022623
155,presidente dutra,-4.990139042736558,-44.52582463744233
156,bonavista,50.81240540892199,-50.69551362457301
157,geraldton,-27.10166119094948,114.73360096211366
158,tasiilaq,73.06627416532262,-31.666964558262833
159,hamilton,26.37433677182706,-63.77389493191717
160,kaspiysk,43.49984428309622,48.533461792329064
161,falealupo,-12.687685787015354,-173.2644371973168
162,puksoozero,62.73014491600571,41.56641037381067
163,hokitika,-40.83055307575491,168.83844022555536
164,ambilobe,-11.064260747819077,49.3787788563867
165,camacupa,-12.91360882137775,18.390555047205737
166,carmen,20.436568538378737,-92.4773094237531
167,bargal,11.609811995094333,54.25134365835254
168,buraydah,28.33448827667874,43.525736586119876
169,rosaryville,38.67815190890869,-76.58567773620916
170,itarema,9.650907406191052,-36.67674171512158
171,chapais,56.12651309081136,-71.21694960539125
172,ola,58.776792153689485,151.5199069306007
173,tsihombe,-47.55525902569381,48.06703714240851
174,pevek,83.70992866847408,171.8323222377755
175,namatanai,4.80897852596398,160.42430309967483
176,yar-sale,73.38495002194605,72.96409985023331
177,sandwick,59.138311363118305,-0.4011482461645244
178,lolua,-5.235602285099574,172.2804086793156
179,barstow,34.98746218228544,-116.43117267131439
180,santa cruz,6.6571149052841605,-89.33605667020386
181,albany,-53.78019650401541,111.48429130610111
182,olafsvik,64.74582543857025,-26.27235152020964
183,porbandar,21.655273228868893,69.55587129139016
184,antalaha,-13.373356538050416,56.68324697861607
185,bahia honda,24.632214755367812,-84.34603014646841
186,isla vista,29.317500448532215,-122.06161752738788
187,samusu,-11.77659596661988,-167.3124365511291
188,san clemente,-36.38102594011035,-69.58921267522861
189,ati,12.654714462100145,18.207995118171766
190,sibolga,-0.3835891392608204,94.45719188939364
191,chokurdakh,81.53563300163694,151.70466578779758
192,ukiah,37.541280818047625,-125.44904092220676
193,villazon,-22.560288988638433,-66.2144431830392
194,belushya guba,75.07520666588738,49.61001834017304
195,kashi,40.12312743998268,76.08350642946306
196,norman wells,73.97812954271754,-125.12123823344467
197,donaueschingen,47.89874644823149,8.416415211545711
198,bridlington,54.543344243349225,0.16263199030993292
199,luanda,-10.183783812269539,10.193198772474801
200,lazarev,52.14811358986785,142.35710100877185
201,faanui,-1.1895850563192454,-153.32308962299916
202,yaan,30.162111857642927,101.50693368440182
203,platteville,43.17276893945166,-90.5693338341967
204,bilma,21.96323650578222,13.494872858174261
205,byron bay,-30.178479995743132,161.48343167782758
206,rexburg,44.266733260892096,-111.8185785916584
207,arlit,21.564889353839618,6.556362906104937
208,college,68.05394651864901,-149.2079563725365
209,victoria,-3.3162742917562724,57.81298312476645
210,komsomolskiy,81.87446154735565,174.7145241948822
211,chitaga,7.133344372443744,-72.72192104585558
212,sakaraha,-22.932996455610237,44.72714212856988
213,sao joao da barra,-23.797496369491,-38.843889389203156
214,ponta do sol,16.745510907663743,-36.19980008752313
215,nizhneyansk,81.2966375441244,133.12456516588912
216,umm lajj,26.970505078462182,38.95443356030941
217,herat,34.856517874341435,63.265205377825566
218,salina cruz,15.77384895153557,-95.29094230984192
219,airai,14.50351064472315,140.18426281173384
220,glendive,47.52678950645873,-104.66948415925295
221,mantua,22.371522004090806,-84.45015007274009
222,humaita,-8.077732951906043,-62.81280293694695
223,palmer,57.35109539014701,-147.16220320184175
224,asau,-6.773825355695337,177.3451569276209
225,vaini,-65.71109458097051,-176.81797449062242
226,salalah,12.43170822683004,62.24663708346762
227,puerto ayora,-6.097943980537153,-99.71072734923442
228,nanortalik,52.03457685148214,-43.05700628843036
229,evensk,65.36879588295488,158.471404180212
230,alofi,-23.763591483304623,-169.78534328710433
231,wanning,16.77159485624901,114.44360563107665
232,siklos,45.87434799963785,18.318556084443827
233,ust-tsilma,66.15414826674828,51.476323181709546
234,avarua,-26.35172650666741,-164.64156412068522
235,florianopolis,-27.53563574506652,-46.46935002597391
236,nguruka,-4.841942371663521,31.02396521560121
237,acari,-20.46099236847418,-76.85835202307788
238,kokstad,-30.755018978514727,29.652911109863084
239,santa rosa,-37.12356848904681,-63.0795249103807
240,verkh-chebula,56.11224238302532,87.62078704503926
241,dunedin,-52.56030542806762,177.84612585996388
242,cidreira,-44.88405956284973,-37.2668434539236
243,makhachkala,43.510211877344744,47.953354664988865
244,pensacola,30.09527068975541,-87.01878044640759
245,barranca,-4.766883621701055,-76.1368222655683
246,kruisfontein,-45.5472341319402,24.88242010286291
247,dawei,13.915938620416426,96.94392845036924
248,garoua boulai,5.759190294823654,14.629044023788367
249,kudahuvadhoo,3.665838699097918,65.5052091955221
250,castro,-44.307022465055475,-81.38601642867579
251,oranjemund,-31.72155765560165,10.83081375786918
252,bandarbeyla,9.102895777864504,58.57309284078232
253,egvekinot,61.03608619036359,-179.96404753011333
254,upernavik,78.1861592362898,-59.497917312111596
255,pravokumskoye,44.74416318979047,44.784920111592754
256,pisco,-17.39468013474317,-80.57540906451167
257,formosa do rio preto,-11.163989937941125,-45.91738722070738
258,lerik,38.77904783112919,48.339818584563176
259,klyuchi,51.66724161031581,78.30995623090274
260,half moon bay,28.936114624661982,-138.4117985410465
261,holoby,51.0264735273243,24.92297785437259
262,ribeira grande,28.70862670442463,-29.754917398575856
263,seguela,8.62934687008449,-7.005909665569504
264,kaitangata,-84.30541035437705,178.9640450465256
265,lebanon,44.28188117346954,-122.66841756305556
266,tiksi,86.33039989938212,122.12923517371195
267,mawlaik,23.695436993067162,94.10687081616385
268,palestine,31.41378364647018,-96.12641033314051
269,monte plata,18.795409422148836,-69.8800026536298
270,puerto baquerizo moreno,3.119717237328473,-88.40764180980773
271,damara,4.962393576228166,18.87672516807376
272,kargasok,60.629733786439004,80.42614486376749
273,wau,-7.942299791395001,146.64325591819727
274,aasiaat,70.77530375297778,-52.834326942970065
275,parabel,60.21465979410857,82.24339073252918
276,novo aripuana,-5.6495242492639335,-59.27779036779178
277,dwarka,20.465785629542992,65.59004114970077
278,cayenne,11.65705000662139,-41.53439252326305
279,saint george,27.772930011981487,-55.04840640604213
280,madison,44.239590863697856,-97.6292580715854
281,mtambile,-5.674987377464845,40.33285531580469
282,warqla,30.396873869003088,4.2995680116824815
283,acapulco,5.7891850301617325,-103.2965837412757
284,kendari,-3.3008769838940992,124.91407157241298
285,coquimbo,-28.56458206614552,-89.72339602265733
286,samsun,41.236900125210866,36.333495119543585
287,lovozero,67.87263803446947,35.09493164018238
288,kampong cham,11.602070258479529,105.68137591021605
289,praya,-10.293191818539697,116.37444196914214
290,scarborough,10.720241017091695,-59.14647715812728
291,pitimbu,-6.8197522503385954,-25.925727543253174
292,mareeba,-15.306861193818392,140.9760471857735
293,praia da vitoria,45.50530375200907,-23.378640530774504
294,severo-kurilsk,29.200272742436837,169.33216305476486
295,bardstown,37.92675107248705,-85.64480326621806
296,progreso,25.107789421934314,-90.02419911104693
297,butwal,27.61103881123401,83.65255214038643
298,mandiana,10.054538846198824,-8.418890765174098
299,nadvoitsy,63.89031893942649,34.091597161614885
300,yanan,36.65194382600555,109.65690466218643
301,caravelas,-18.64469776007094,-31.527952960502574
302,maniitsoq,62.07995933269757,-55.631325187077806
303,georgetown,-5.970079318924675,-24.266985389689665
304,samalaeulu,-2.092732494015536,-165.64701868458732
305,dikson,82.73744690748467,70.11341217848235
306,ahipara,-34.576751221048845,168.8424330819335
307,la plata,38.102322525293346,-76.89255272838656
308,datong,39.789742242157956,112.25789615047074
309,husavik,71.589343127995,-13.726382923620406
310,varhaug,57.308590739278344,3.9901406015139003
311,montelimar,44.50976617899508,4.8305243791035934
312,saulkrasti,57.45055476299828,23.95715893601914
313,karaul,69.76392667440894,83.35562040993887
314,comodoro rivadavia,-44.784274175007525,-67.24404029839815
315,leningradskiy,80.89125983393151,178.43742525620343
316,dubenskiy,51.2267135083782,56.066025621508345
317,ofaqim,31.079303566799084,33.974906461842465
318,boma,-5.753239402686674,13.076620832687723
319,sentyabrskiy,35.59512068257821,160.65239240683837
320,concepcion,-11.551062522557146,-75.17129475254798
321,kavieng,12.686438626980475,152.27502214620256
322,bambanglipuro,-11.322527208017576,109.85787229989506
323,iralaya,15.984041323183646,-81.06402903861176
324,north battleford,53.03787609114934,-108.70467619112097
325,hualmay,-15.14602969929848,-83.45118369878976
326,mnogovershinnyy,54.21773667742255,139.90885706562392
327,birin,35.38572450816322,2.534015942442011
328,gushikawa,22.003890673098695,134.71419281411437
329,hambantota,-4.753368377728705,86.00591567091794
330,isangel,-21.617784733141832,173.78599498437814
331,talnakh,73.61366076756207,89.4490478734757
332,quelimane,-19.437452942118895,38.08570871133756
333,kingman,35.11489221378574,-114.18023959798226
334,coahuayana,0.445844244874408,-112.22348025024148
335,las palmas,7.863339969710836,-81.70156896054219
336,mhango,-3.57721507913044,32.86718953629136
337,hvammstangi,65.13067753579762,-20.85095731727594
338,panguna,-5.919208574741546,154.38106371881088
339,marsa matruh,32.43696840066319,28.155119380117554
340,vilhena,-11.674208274217932,-59.09829821876288
341,tateyama,32.64282316756223,140.24099571910307
342,ruatoria,-35.99260236956139,178.8138108630859
343,beloha,-29.412864420675838,43.459172815867674
344,penarroya-pueblonuevo,38.646283205772306,-5.384202257604812
345,gaziantep,37.509143279860325,37.49149675308456
346,butaritari,22.756933288053972,165.2480300655863
347,nishihara,18.906372765700084,132.9873789097158
348,sur,17.052831475325135,63.35714026831377
349,boa vista,2.429431932971738,-61.211859045554064
350,khanpur,28.07478719178542,71.4443535625798
351,tupancireta,-29.091042304474534,-53.88078542680621
352,matamoros,25.00123707376784,-97.00397784620765
353,meulaboh,-5.009013709134194,89.96706227788866
354,padang,-9.36003595753374,89.70279571047507
355,makakilo city,8.203366485743658,-164.32376987384117
356,kazerun,30.00687345153176,51.459696377183036
357,havoysund,76.87044804348224,25.38959143910816
358,lodja,-2.2126767748021194,22.33805896349216
359,kayerkan,68.84946528370298,87.53179564328161
360,port lincoln,-46.501033049594724,128.75485628741455
361,nyagan,62.79545511908043,65.207766645102
362,nome,64.93854199012253,-166.6702973558373
363,saldanha,-44.329732262618144,-5.158615755233171
364,sorvag,63.79630552253917,-8.578610437131005
365,glenwood springs,38.66817843828068,-106.89577039484449
366,zaria,11.332203247851865,8.10895229863354
367,saint-francois,19.51968283315763,-53.534044384272576
368,sunamganj,24.970528897436935,91.0742558320631
369,stromness,61.011872973682955,-4.159873630206619
370,atar,19.121677230024403,-12.887142090407423
371,huejuquilla el alto,22.347387796853653,-104.0382663130905
372,sao miguel do araguaia,-13.74188514138308,-50.97875580695765
373,constitucion,22.198360319565566,-113.33653089933246
374,mazara del vallo,37.548646740300555,12.443235513060785
375,camacha,36.2862329713915,-18.138168782574525
376,manaus,-2.173157373702523,-60.2405182464217
377,siguiri,11.211426880259822,-8.76234801988619
378,barroso,-21.412252745330093,-44.11951785459527
379,chingirlau,50.290186860364,54.269945963674274
380,kahului,37.35489222633248,-150.6046966689982
381,milford,38.800376981730324,-75.45764770737107
382,karratha,-19.56504982597866,115.74186431296084
383,maumere,-7.563037327225473,122.49814970571185
384,lorengau,4.648299442916553,148.45223452609258
385,hurghada,27.668118925524013,34.16216914112201
386,nowa sol,51.892017996131614,15.638343935988587
387,creel,27.277060906668808,-107.60946706507731
388,xingyi,25.753094115873523,105.18993116009648
389,yenagoa,0.47551528889569283,2.9402598044194974
390,lensk,60.13482223470348,116.5843053534835
391,san quintin,28.755544980447155,-116.05759895890404
392,quatre cocos,-16.997174824908953,67.53618304295861
393,petropavlovsk-kamchatskiy,47.581945912051765,163.15367165824415
394,kaeng khlo,16.068283685163408,102.47980344571005
395,kenai,64.41965550957494,-154.82089414674073
396,nikolayevka,48.44221933329507,134.55549213411132
397,vaitupu,8.44924466573967,-179.04712713813706
398,dalbandin,29.128617972126364,64.30377514877881
399,verkh-usugli,53.162172870558294,115.76218184940302
400,boyolangu,-15.123057189832863,110.72046394445891
401,bayji,35.33674517583064,43.397854937445004
402,kamenskoye,61.96280086250533,164.82910232581355
403,petauke,-13.859569928173414,30.9315397392713
404,marsaxlokk,35.11618601995919,14.793230526937606
405,broome,-20.762226167399177,124.24771317968123
406,los llanos de aridane,27.694264964094742,-22.904648534280483
407,saint anthony,52.15620223449736,-54.4412876291468
408,san cristobal,0.6936168491411365,-85.35708192044423
409,gualaquiza,-3.802955454404781,-77.40122477035132
410,artyk,63.93214848962819,144.41963982144966
411,xuddur,4.289882351363715,45.03252183146432
412,brenham,29.957558112776113,-96.6343813571308
413,krutinka,55.57610221309136,71.1898372190131
414,gawler,-33.283674164557915,140.00679132983265
415,lazaro cardenas,8.231532590160526,-107.76994111579371
416,longonjo,-13.070871218512139,15.021021453372072
417,huarmey,-17.788564420100485,-92.76861061928209
418,marcona,-17.058727599777384,-76.59480506977528
419,khash,28.38867793114666,61.03508878488745
420,kirakira,-14.604855825959646,161.1472376728051
421,narsaq,85.0366643650425,-66.00067238556348
422,westport,-39.20413642162959,168.60616921721925
423,port blair,13.001017973375085,90.73094557376771
424,almeirim,-2.0330796274839997,-52.801758034122784
425,la ronge,56.403090302523225,-106.41132045327171
426,lebu,-33.181670565916,-91.71828528945181
427,sand springs,36.14444420873683,-96.22713511918974
428,corridonia,43.129884171412726,13.427200028034463
429,boralday,44.24856015260272,76.61717842991357
430,athabasca,54.78087099311307,-113.3711679398489
431,tiznit,27.888486899333145,-9.314318672399764
432,opuwo,-19.476760948891993,13.041973515068435
433,korla,39.35948824099691,89.76564586286804
434,dossor,47.697731730996566,52.901165801218156
435,jardim,0.6866315495820885,-36.21422251462141
436,marrakesh,30.661906444710723,-6.490271541823205
437,simdega,22.547680955112313,84.40094798269723
438,hasaki,31.688410726586483,154.76701591558464
439,zyryanka,66.86681108794582,149.77318221928914
440,beringovskiy,52.67090577233009,179.59533725621856
441,lasa,33.877663311597686,92.6179791265667
442,deputatskiy,69.01336515239024,138.86486685373762
443,mizdah,29.700543403967288,11.93436378982824
444,severnyy,70.2364048417111,64.83874272552782
445,mogadishu,-0.9691836882116291,50.28093083313388
446,treinta y tres,-33.16599099489005,-54.406566762684776
447,kinango,-4.360668609510697,39.06550082439267
448,svobodnyy,51.502932259786036,127.70109001811977
449,beaverlodge,54.735785704728414,-119.51987333475333
450,aguimes,25.880719492472764,-14.880406638424688
451,te anau,-44.69716626525422,157.51687624658615
452,marawi,20.960014116296037,30.708702149308834
453,turukhansk,65.4592844026595,89.88288557678885
454,paamiut,60.917636298550576,-52.074735247354226
455,susurluk,39.72649477785839,28.107527991855875
456,ambon,-5.136492328327776,125.60918236771079
457,tuatapere,-50.89696642167367,158.95107855392473
458,winslow,36.62212842547666,-110.552764673686
459,ivanava,52.138821738463974,25.585132736222192
460,salta,-24.376938147620393,-66.32044161351898
461,umarkot,19.514013546088734,82.3215515795564
462,san lorenzo de el escorial,40.45419034548678,-4.290469244975014
463,deniliquin,-35.85576781006103,145.27097443936526
464,dezhou,37.70198473578364,116.45448468613029
465,belle glade,26.86857638414311,-81.12358272579625
466,mwene-ditu,-8.144560262704204,22.326866453307588
467,san julian,-18.38499215916616,-62.33809761103525
468,vaitape,-16.767664249932537,-153.63909036792177
469,mmabatho,-26.15058326872453,25.338945877544376
470,hatillo,23.416548846551635,-66.48351813751958
471,pulandian,38.69242115472122,122.70549264527159
472,dera bugti,28.95437380564175,69.23114416253495
473,katsuura,25.953628817314836,149.40019403810805
474,vanimo,3.7163854759888153,141.83963853688323
475,houma,27.619944597461327,-89.67822183581993
476,yunjinghong,22.299248545006492,99.50345126654787
477,cukai,4.0529936620028195,104.02993001442803
478,malatya,38.275326147072946,38.01146893001081
479,anadyr,61.90176307211257,174.66926584247182
480,killybegs,55.7642452886511,-9.132197146164259
481,akonolinga,4.1074468944314475,12.321052181017336
482,mitikas,38.627528768338834,20.8563207626178
483,pacific grove,30.227050315608707,-131.053837421367
484,rabaul,-4.589527520151009,151.29351929238157
485,solovetskiy,63.68491270291767,36.00081267217945
486,maraba,-6.3105665595128215,-50.19730062650032
487,jalu,24.94659260978446,21.49630727163654
488,salinopolis,4.622177294606317,-45.39703145247762
489,portland,-43.013948091166945,141.31251762288525
490,ciudad guayana,8.384461830287165,-62.919298953649715
491,trairi,6.694643825033211,-33.64774501052895
492,lufilufi,-9.042337881576799,-168.99358187317932
493,kamina,-8.867921185058904,24.603105586874563
494,bur gabo,-1.4468619543863923,41.629138296529646
495,marzuq,25.251398652781987,13.888671443226485
496,high level,58.08458444667181,-118.17630101989798
497,manuk mangkaw,3.9568046526656815,119.9609293128508
498,santa cruz de la palma,29.088388856006148,-17.26572960457395
499,sampit,-3.1295294596570926,112.90075552120874
500,nortelandia,-13.766627116836816,-57.38165369686233
501,dzhebariki-khaya,61.9317945798816,137.1279360727773
502,pinega,65.48080758103106,42.57020621284022
503,honiara,-16.438169727768397,156.5723561498972
504,pangnirtung,68.58046006134077,-60.63050214398163
505,havre-saint-pierre,56.83189380151802,-62.92175328722634
506,nioro,16.428048508295475,-8.776854486325846
507,raudeberg,65.54690933365461,1.550113967063396
508,deqing,30.477433131582714,119.61175650420802
509,tautira,-16.758600870522613,-148.1253944255236
510,karamea,-39.28278643546726,169.88274233721194
511,rungata,-2.743090035174987,176.9795981609018
512,rio grande,-35.436473760326045,-47.12772214842229
513,sept-iles,55.324168923032914,-67.4704368529879
514,tsiroanomandidy,-17.28030615707887,44.15030400317937
515,ridgecrest,35.495083765861494,-117.90350404667299
516,elizabeth city,36.139246123231175,-76.24768857345157
517,angoche,-15.924548406968682,40.014517457451745
518,traverse city,44.29889421093807,-86.46611667205437
519,escuinapa,23.140883316100357,-105.68684807829672
520,niquero,19.618560100444128,-77.9365148456692
521,malko tarnovo,41.6281150792631,27.68997103478955
522,kurilsk,46.66370280367673,147.91749584237107
523,linjiang,41.13767049314339,127.14500035897913
524,oum hadjer,12.924654097906696,19.990014488870997
525,barela,23.14056677262569,80.25173033420424
526,havelock,33.59396034067309,-74.63827959833209
527,nabire,-2.97842827823132,136.24851939547187
528,san patricio,13.121929172384483,-112.7345021247737
529,gravelbourg,50.03445074642099,-106.83736413805813
530,pakdasht,35.41754969696726,51.717320887160014
531,caidian,30.55608246259237,114.05474402877371
532,sabha,31.867628576259463,36.95019080114051
533,ogdensburg,44.657752263466676,-75.43550504129209
534,ornskoldsvik,64.56100444235369,17.718416818495967
535,korsakov,45.87243085740778,142.733251415651
536,kiama,-37.507695562671735,156.13222769778787
537,aswan,24.73217146549929,34.28098303194773
538,sisimiut,65.67401798908978,-58.68650283431768
539,fort nelson,59.97736557811308,-123.82557102698003
540,bilibino,65.92911457883096,168.12076840642135
541,nizhnyaya salda,58.099839598133315,60.66117416088582
542,margate,-42.56353252785156,41.259899821557894
543,araouane,19.82194084479987,-1.5288097263306497
544,kolpashevo,58.92750491253361,83.5631129517808
545,wanlaweyn,2.371678274883706,44.50281174078765
546,klaksvik,80.16902199376418,-5.47463181371603
547,levelland,33.9360063219617,-102.25452146932027
548,tabas,34.152446967158966,55.443951528790905
549,denpasar,-10.373673208722252,114.69534333094794
550,hofn,70.96392723363627,-9.788180476492812
551,mount gambier,-43.40866017251348,135.1563963000354
552,eyl,6.654060296526453,49.61832219398329
553,berlevag,85.786453932142,33.02470233836658
554,moron,48.01725162033463,100.64214566695006
555,golden gate,25.588844617257934,-81.45193586733205
556,challakere,14.48335849185392,76.5608901075181
557,kalaleh,37.171857456442154,56.35699928871756
558,vila franca do campo,39.632345369940765,-22.174807391775772
559,port-gentil,0.640408508205752,7.437893808992499
560,baykit,64.46590483698276,94.86222339618507
561,gold coast,-27.53207384963644,155.85227707753393
562,palabuhanratu,-18.711907785944888,99.19311918974893
563,bafoulabe,13.570656551626755,-11.451638363381221
564,lubango,-14.459399363290942,12.738430351067649
565,nizwa,21.393130837219005,56.25401630725949
566,horki,53.939175459469,31.437841409995627
567,codrington,21.24702089868019,-55.561144906555754
568,don sak,9.2219633609635,99.6912668874632
569,shingu,27.175445159296657,138.73092356263464
570,abu samrah,24.27300955200124,49.500244957163375
571,lagoa,41.267557886719516,-27.79871551315958
572,patnos,39.1181288549279,43.031563198301455
573,sumbawa,-6.874834790378529,117.88537876385726
574,khandyga,64.13869755710596,137.26545715404427
575,whitehorse,60.97391872663144,-131.61406882548076
576,semirara,12.105344160311276,121.35993347033445
577,matara,-3.3492577731971096,83.30210925684929
578,twin falls,41.612069905822324,-114.48883755685806
579,cabinda,-5.341367881278501,12.430386519986712
580,mindelo,15.009687260453632,-28.572341290139434
581,bakel,14.511950985270389,-12.034747137133536
582,luderitz,-29.16042847515604,10.43551886904362
583,gazni,33.41546408928525,68.33850994218182
584,formoso do araguaia,-10.669169994434299,-52.30517144531824
585,kropotkin,57.85375906438259,116.11214133420816
586,bayanday,53.25761580483237,105.42576004641302
587,bathsheba,19.399689698719527,-45.43425908176957
588,andevoranto,-19.792545067634094,52.0292704135266
589,sakakah,29.358571699827067,38.38454776610479
590,sambava,-13.222967317402691,56.229823776712465
591,sinnamary,9.884971815189772,-50.078161756028464
592,abakan,53.736218874773044,91.47735029014575
593,almeria,37.18083786584326,-2.511308160797313
594,warrington,29.709555663648814,-87.64941740791166
595,moranbah,-21.92985821505566,147.29841297159095
596,monrovia,2.5979882836716826,-13.940078027732483
597,fevralsk,53.62400673719941,129.2996954681326
598,namibe,-12.335129411304322,4.116786246982855
599,rzhev,56.37885170852368,34.13487145089218
600,wyndham,-46.98239852948986,168.92594361877173
601,winona,43.5720795844569,-91.97592264879084
602,vangaindrano,-25.309722218426714,50.48655948171552
603,manavalakurichi,7.5148944162852445,76.78837307162348
604,hirara,20.841099166558152,127.43898494019356
605,petawawa,45.58093435161925,-77.5381803121141
606,marsabit,2.0708828893227604,37.467325671817605
607,kaohsiung,22.574174778765624,120.23843342339234
608,vestmannaeyjar,61.503991674322265,-18.152849489845522
609,wahran,35.16221846125836,-1.2709097883827667
610,kavaratti,11.79717272942996,67.89751846049171
611,north bend,42.14514525189185,-135.80973213864388
612,chagda,58.58864860399507,130.30409349017606
613,pingliang,35.97376887949899,105.91592068690989
614,qaqortoq,58.817297317833464,-48.74889694585576
615,mitsamiouli,-6.663781440155532,47.144742064456295
616,port hardy,52.14556251232074,-126.7422464922004
617,biankouma,7.7215388461161325,-7.883596630775742
618,vestmanna,66.31401678947663,-8.590459827956977
619,maloshuyka,64.3575351778924,36.93366296739865
620,roald,68.28854661530607,3.1056534426851954
621,wulanhaote,45.523427112662716,121.60088293750181
622,gurlan,42.21818208734143,60.638574289770304
623,weligama,1.9806849112910783,78.8223332398
624,leh,35.44984646796999,82.77039779968896
625,turkistan,42.62787107350778,67.72714318159527
626,areka,6.968287300372452,37.51117725520746
627,kulevcha,46.004211589864326,29.978895406279122
628,khandbari,30.018587797888316,87.40664330381139
629,tunduru,-12.685980766792568,37.20937459419511
630,kayanga,-1.041812040284725,31.69890413917716
631,mehamn,75.59931920787932,28.107620464410616
632,capoterra,38.70783612826213,9.08118637993553
633,leshukonskoye,68.50691055680727,48.45011305648828
634,dubuque,42.51141035520794,-91.14999798049925
635,port keats,-14.821045613957367,129.45754322027983
